id,name,emoji,group,rarity
001,イヌ,🐶,ほ乳類,COMMON
002,ネコ,🐱,ほ乳類,COMMON
003,ウサギ,🐰,ほ乳類,COMMON
004,ハムスター,🐹,ほ乳類,COMMON
005,キツネ,🦊,ほ乳類,COMMON
006,タヌキ,🦝,ほ乳類,COMMON
007,クマ,🐻,ほ乳類,COMMON
008,シロクマ,🐻‍❄️,ほ乳類,COMMON
009,パンダ,🐼,ほ乳類,COMMON
010,コアラ,🐨,ほ乳類,COMMON
011,トラ,🐯,ほ乳類,COMMON
012,ライオン,🦁,ほ乳類,COMMON
013,ウシ,🐮,ほ乳類,COMMON
014,ブタ,🐷,ほ乳類,COMMON
015,イノシシ,🐗,ほ乳類,COMMON
016,サル,🐵,ほ乳類,COMMON
017,ゴリラ,🦍,ほ乳類,COMMON
018,オランウータン,🦧,ほ乳類,COMMON
019,ゾウ,🐘,ほ乳類,COMMON
020,マンモス,🦣,ほ乳類,COMMON
021,カバ,🦛,ほ乳類,COMMON
022,サイ,🦏,ほ乳類,COMMON
023,キリン,🦒,ほ乳類,COMMON
024,シマウマ,🦓,ほ乳類,COMMON
025,ウマ,🐴,ほ乳類,COMMON
026,シカ,🦌,ほ乳類,COMMON
027,ヤギ,🐐,ほ乳類,COMMON
028,ヒツジ,🐑,ほ乳類,COMMON
029,ラクダ,🐫,ほ乳類,COMMON
030,ラマ,🦙,ほ乳類,COMMON
031,カンガルー,🦘,ほ乳類,COMMON
032,ナマケモノ,🦥,ほ乳類,COMMON
033,カワウソ,🦦,ほ乳類,COMMON
034,ビーバー,🦫,ほ乳類,COMMON
035,スカンク,🦨,ほ乳類,COMMON
036,アナグマ,🦡,ほ乳類,COMMON
037,ハリネズミ,🦔,ほ乳類,COMMON
038,コウモリ,🦇,ほ乳類,COMMON
039,ネズミ,🐭,ほ乳類,COMMON
040,リス,🐿️,ほ乳類,COMMON
041,ニワトリ,🐔,鳥,COMMON
042,ヒヨコ,🐥,鳥,COMMON
043,アヒル,🦆,鳥,COMMON
044,ガチョウ,🪿,鳥,COMMON
045,フクロウ,🦉,鳥,COMMON
046,ワシ,🦅,鳥,COMMON
047,ハト,🕊️,鳥,COMMON
048,フラミンゴ,🦩,鳥,COMMON
049,クジャク,🦚,鳥,COMMON
050,オウム,🦜,鳥,COMMON
051,ペンギン,🐧,鳥,COMMON
052,ハクチョウ,🦢,鳥,COMMON
053,七面鳥,🦃,鳥,COMMON
054,カラス,🐦‍⬛,鳥,COMMON
055,小鳥,🐦,鳥,COMMON
056,ツル,🪽,鳥,COMMON
057,イルカ,🐬,海・川,COMMON
058,クジラ,🐳,海・川,COMMON
059,マッコウクジラ,🐋,海・川,COMMON
060,サメ,🦈,海・川,COMMON
061,アザラシ,🦭,海・川,COMMON
062,タコ,🐙,海・川,COMMON
063,イカ,🦑,海・川,COMMON
064,クラゲ,🪼,海・川,COMMON
065,カニ,🦀,海・川,COMMON
066,エビ,🦐,海・川,COMMON
067,ロブスター,🦞,海・川,COMMON
068,フグ,🐡,海・川,COMMON
069,熱帯魚,🐠,海・川,COMMON
070,魚,🐟,海・川,COMMON
071,コイ,🎏,海・川,RARE
072,貝,🐚,海・川,RARE
073,サンゴ,🪸,海・川,RARE
074,カメ,🐢,海・川,RARE
075,ワニ,🐊,海・川,RARE
076,カエル,🐸,海・川,RARE
077,チョウ,🦋,虫・小さな生き物,RARE
078,ミツバチ,🐝,虫・小さな生き物,RARE
079,テントウムシ,🐞,虫・小さな生き物,RARE
080,カブトムシ,🪲,虫・小さな生き物,RARE
081,コオロギ,🦗,虫・小さな生き物,RARE
082,ゴキブリ,🪳,虫・小さな生き物,RARE
083,クモ,🕷️,虫・小さな生き物,RARE
084,サソリ,🦂,虫・小さな生き物,RARE
085,カタツムリ,🐌,虫・小さな生き物,RARE
086,ミミズ,🪱,虫・小さな生き物,RARE
087,アリ,🐜,虫・小さな生き物,RARE
088,ハエ,🪰,虫・小さな生き物,RARE
089,蚊,🦟,虫・小さな生き物,RARE
090,微生物,🦠,虫・小さな生き物,RARE
091,ヘビ,🐍,は虫類・両生類,RARE
092,トカゲ,🦎,は虫類・両生類,RARE
093,恐竜,🦖,は虫類・両生類,RARE
094,トリケラトプス,🦕,は虫類・両生類,RARE
095,ドラゴン,🐉,は虫類・両生類,RARE
096,ドラゴンの顔,🐲,は虫類・両生類,RARE
097,ユニコーン,🦄,ふしぎな仲間,SUPER RARE
098,フェニックス,🔥,ふしぎな仲間,SUPER RARE
099,雪男,☃️,ふしぎな仲間,SUPER RARE
100,宇宙生物,👾,ふしぎな仲間,SUPER RARE
101,金のライオン,🦁,ふしぎな仲間,SUPER RARE
102,銀のオオカミ,🐺,ふしぎな仲間,SUPER RARE
103,虹色のイルカ,🐬,ふしぎな仲間,SUPER RARE
104,王さまペンギン,🐧,ふしぎな仲間,SUPER RARE
105,星のパンダ,🐼,ふしぎな仲間,SUPER RARE
106,月のフクロウ,🦉,ふしぎな仲間,SUPER RARE
107,火山のドラゴン,🐉,ふしぎな仲間,SUPER RARE
108,深海のクラーケン,🐙,ふしぎな仲間,SUPER RARE
109,古代マンモス,🦣,ふしぎな仲間,SUPER RARE
110,天空のワシ,🦅,ふしぎな仲間,SUPER RARE
111,幻のホワイトタイガー,🐯,ふしぎな仲間,SUPER RARE
112,森の精霊キツネ,🦊,ふしぎな仲間,SUPER RARE
113,黄金カブト,🪲,ふしぎな仲間,LEGEND
114,七色チョウ,🦋,ふしぎな仲間,LEGEND
115,キングシャーク,🦈,ふしぎな仲間,LEGEND
116,皇帝クジラ,🐋,ふしぎな仲間,LEGEND
117,神秘のカメ,🐢,ふしぎな仲間,LEGEND
118,雷ゴリラ,🦍,ふしぎな仲間,LEGEND
119,伝説のユニコーン,🦄,ふしぎな仲間,LEGEND
120,伝説のドラゴン,🐲,ふしぎな仲間,LEGEND
